"TimestampUtc","RunId","OriginalStartTime","State","Attempt","HttpStatus","Message"
"2026-08-25T15:56:23.3176213Z","08584139354225683430076158759CU31","08/25/2026 15:24:23","Submitting","1",,""
"2026-08-25T15:56:27.8364853Z","08584139354225683430076158759CU31","08/25/2026 15:24:23","Submitted","1","202","Resubmit request accepted by Power Automate."
"2026-08-25T15:56:28.8623246Z","08584139359237347151502432654CU25","08/25/2026 15:16:02","Submitting","1",,""
"2026-08-25T15:56:33.4775102Z","08584139359237347151502432654CU25","08/25/2026 15:16:02","Submitted","1","202","Resubmit request accepted by Power Automate."
"2026-08-25T15:56:34.5031959Z","08584139359998321645326308692CU10","08/25/2026 15:14:46","Submitting","1",,""
"2026-08-25T15:56:38.9416645Z","08584139359998321645326308692CU10","08/25/2026 15:14:46","Submitted","1","202","Resubmit request accepted by Power Automate."
"2026-08-25T15:56:39.9741423Z","08584139359998321647326308692CU22","08/25/2026 15:14:46","Submitting","1",,""
"2026-08-25T15:56:44.5193363Z","08584139359998321647326308692CU22","08/25/2026 15:14:46","Submitted","1","202","Resubmit request accepted by Power Automate."
"2026-08-25T15:56:45.5474568Z","08584139362130937565579091372CU00","08/25/2026 15:11:14","Submitting","1",,""
"2026-08-25T15:56:49.9862164Z","08584139362130937565579091372CU00","08/25/2026 15:11:14","Submitted","1","202","Resubmit request accepted by Power Automate."
"2026-08-25T16:01:10.2412354Z","08584139366236362095022376379CU09","8/25/2026 3:04:22 PM","Submitting","1",,""
"2026-08-25T16:01:15.2260313Z","08584139366236362095022376379CU09","8/25/2026 3:04:22 PM","Submitted","1","202","Resubmit request accepted by Power Automate."
"2026-08-25T16:01:16.2571197Z","08584139370196572054385523345CU02","8/25/2026 2:57:46 PM","Submitting","1",,""
"2026-08-25T16:01:21.0549497Z","08584139370196572054385523345CU02","8/25/2026 2:57:46 PM","Submitted","1","202","Resubmit request accepted by Power Automate."
"2026-08-25T16:01:22.0913332Z","08584139373081016166660423362CU25","8/25/2026 2:52:58 PM","Submitting","1",,""
"2026-08-25T16:01:26.5167193Z","08584139373081016166660423362CU25","8/25/2026 2:52:58 PM","Submitted","1","202","Resubmit request accepted by Power Automate."
"2026-08-25T16:01:27.5556127Z","08584139373840000454648940462CU13","8/25/2026 2:51:42 PM","Submitting","1",,""
"2026-08-25T16:01:32.4817861Z","08584139373840000454648940462CU13","8/25/2026 2:51:42 PM","Submitted","1","202","Resubmit request accepted by Power Automate."
"2026-08-25T16:01:33.5183975Z","08584139380053270162574183905CU23","8/25/2026 2:41:21 PM","Submitting","1",,""
"2026-08-25T16:01:38.0304114Z","08584139380053270162574183905CU23","8/25/2026 2:41:21 PM","Submitted","1","202","Resubmit request accepted by Power Automate."
"2026-08-25T16:01:39.0599390Z","08584139380053270163574183905CU13","8/25/2026 2:41:21 PM","Submitting","1",,""
"2026-08-25T16:01:43.7830313Z","08584139380053270163574183905CU13","8/25/2026 2:41:21 PM","Submitted","1","202","Resubmit request accepted by Power Automate."
"2026-08-25T16:01:44.8085524Z","08584139380664101318128543169CU15","8/25/2026 2:40:19 PM","Submitting","1",,""
"2026-08-25T16:01:49.2346464Z","08584139380664101318128543169CU15","8/25/2026 2:40:19 PM","Submitted","1","202","Resubmit request accepted by Power Automate."
"2026-08-25T16:01:50.2526767Z","08584139385053654194146269117CU03","8/25/2026 2:33:01 PM","Submitting","1",,""
"2026-08-25T16:01:55.3332449Z","08584139385053654194146269117CU03","8/25/2026 2:33:01 PM","Submitted","1","202","Resubmit request accepted by Power Automate."
"2026-08-25T16:01:56.3543201Z","08584139385053654196146269117CU07","8/25/2026 2:33:01 PM","Submitting","1",,""
"2026-08-25T16:02:00.7987606Z","08584139385053654196146269117CU07","8/25/2026 2:33:01 PM","Submitted","1","202","Resubmit request accepted by Power Automate."
"2026-08-25T16:02:01.8142302Z","08584139403713636722981898818CU15","8/25/2026 2:01:54 PM","Submitting","1",,""
"2026-08-25T16:02:06.2394532Z","08584139403713636722981898818CU15","8/25/2026 2:01:54 PM","Submitted","1","202","Resubmit request accepted by Power Automate."
"2026-08-25T16:02:07.2649740Z","08584139405075119789311967448CU00","8/25/2026 1:59:38 PM","Submitting","1",,""
"2026-08-25T16:02:11.8370817Z","08584139405075119789311967448CU00","8/25/2026 1:59:38 PM","Submitted","1","202","Resubmit request accepted by Power Automate."
"2026-08-25T16:02:12.8654719Z","08584139407956305417262202659CU09","8/25/2026 1:54:50 PM","Submitting","1",,""
"2026-08-25T16:02:17.5662271Z","08584139407956305417262202659CU09","8/25/2026 1:54:50 PM","Submitted","1","202","Resubmit request accepted by Power Automate."
"2026-08-25T16:02:18.5796765Z","08584139407956305418262202659CU07","8/25/2026 1:54:50 PM","Submitting","1",,""
"2026-08-25T16:02:23.1989507Z","08584139407956305418262202659CU07","8/25/2026 1:54:50 PM","Submitted","1","202","Resubmit request accepted by Power Automate."
"2026-08-25T16:02:24.2221717Z","08584139407956305419262202659CU06","8/25/2026 1:54:50 PM","Submitting","1",,""
"2026-08-25T16:02:28.5368729Z","08584139407956305419262202659CU06","8/25/2026 1:54:50 PM","Submitted","1","202","Resubmit request accepted by Power Automate."
"2026-08-25T16:02:29.5564894Z","08584139407956305420262202659CU04","8/25/2026 1:54:50 PM","Submitting","1",,""
"2026-08-25T16:02:34.2548750Z","08584139407956305420262202659CU04","8/25/2026 1:54:50 PM","Submitted","1","202","Resubmit request accepted by Power Automate."
"2026-08-25T16:02:35.2831276Z","08584139408712619133568174905CU03","8/25/2026 1:53:34 PM","Submitting","1",,""
"2026-08-25T16:02:39.7563349Z","08584139408712619133568174905CU03","8/25/2026 1:53:34 PM","Submitted","1","202","Resubmit request accepted by Power Automate."
"2026-08-25T16:02:40.7827315Z","08584139415064541633282330805CU24","8/25/2026 1:42:59 PM","Submitting","1",,""
"2026-08-25T16:02:45.6021977Z","08584139415064541633282330805CU24","8/25/2026 1:42:59 PM","Submitted","1","202","Resubmit request accepted by Power Automate."
"2026-08-25T16:02:46.6185163Z","08584139418556168670730634082cU14","8/25/2026 1:37:10 PM","Submitting","1",,""
"2026-08-25T16:02:52.1383523Z","08584139418556168670730634082cU14","8/25/2026 1:37:10 PM","Submitted","1","202","Resubmit request accepted by Power Automate."
"2026-08-25T16:02:53.1710673Z","08584139418556168672730634082CU04","8/25/2026 1:37:10 PM","Submitting","1",,""
"2026-08-25T16:02:57.6726881Z","08584139418556168672730634082CU04","8/25/2026 1:37:10 PM","Submitted","1","202","Resubmit request accepted by Power Automate."
"2026-08-25T16:02:58.6997793Z","08584139423878074119295322797CU22","8/25/2026 1:28:18 PM","Submitting","1",,""
"2026-08-25T16:03:03.4995430Z","08584139423878074119295322797CU22","8/25/2026 1:28:18 PM","Submitted","1","202","Resubmit request accepted by Power Automate."
"2026-08-25T16:03:04.5271676Z","08584139424485685416655533697CU01","8/25/2026 1:27:17 PM","Submitting","1",,""
"2026-08-25T16:03:09.0713630Z","08584139424485685416655533697CU01","8/25/2026 1:27:17 PM","Submitted","1","202","Resubmit request accepted by Power Automate."
"2026-08-25T16:03:10.0929026Z","08584139424485685417655533697CU30","8/25/2026 1:27:17 PM","Submitting","1",,""
"2026-08-25T16:03:14.8110423Z","08584139424485685417655533697CU30","8/25/2026 1:27:17 PM","Submitted","1","202","Resubmit request accepted by Power Automate."
"2026-08-25T16:03:15.8414962Z","08584139784091410713950579391CU06","8/25/2026 3:27:56 AM","Submitting","1",,""
"2026-08-25T16:03:20.4175898Z","08584139784091410713950579391CU06","8/25/2026 3:27:56 AM","Submitted","1","202","Resubmit request accepted by Power Automate."
"2026-08-25T16:03:21.4390330Z","08584139861704283412338809188CU15","8/25/2026 1:18:35 AM","Submitting","1",,""
"2026-08-25T16:03:25.9474968Z","08584139861704283412338809188CU15","8/25/2026 1:18:35 AM","Submitted","1","202","Resubmit request accepted by Power Automate."
"2026-08-25T16:03:26.9655802Z","08584139884975548735434176753CU07","8/25/2026 12:39:48 AM","Submitting","1",,""
"2026-08-25T16:03:31.4419126Z","08584139884975548735434176753CU07","8/25/2026 12:39:48 AM","Submitted","1","202","Resubmit request accepted by Power Automate."
"2026-08-25T16:03:32.4640540Z","08584139903690285416171233041CU30","8/25/2026 12:08:36 AM","Submitting","1",,""
"2026-08-25T16:03:36.9651089Z","08584139903690285416171233041CU30","8/25/2026 12:08:36 AM","Submitted","1","202","Resubmit request accepted by Power Automate."
"2026-08-25T16:03:37.9861990Z","08584139904297638357886808983CU16","8/25/2026 12:07:36 AM","Submitting","1",,""
"2026-08-25T16:03:42.6908511Z","08584139904297638357886808983CU16","8/25/2026 12:07:36 AM","Submitted","1","202","Resubmit request accepted by Power Automate."
"2026-08-25T16:03:43.7154789Z","08584139940050186540982546874CU03","8/24/2026 11:08:01 PM","Submitting","1",,""
"2026-08-25T16:03:48.1250055Z","08584139940050186540982546874CU03","8/24/2026 11:08:01 PM","Submitted","1","202","Resubmit request accepted by Power Automate."
"2026-08-25T16:03:49.1467078Z","08584139942937621007864170810CU21","8/24/2026 11:03:12 PM","Submitting","1",,""
"2026-08-25T16:03:53.7527335Z","08584139942937621007864170810CU21","8/24/2026 11:03:12 PM","Submitted","1","202","Resubmit request accepted by Power Automate."
"2026-08-25T16:03:54.7686828Z","08584139979616777360274346106CU17","8/24/2026 10:02:04 PM","Submitting","1",,""
"2026-08-25T16:03:59.2833328Z","08584139979616777360274346106CU17","8/24/2026 10:02:04 PM","Submitted","1","202","Resubmit request accepted by Power Automate."
"2026-08-25T16:04:00.3548714Z","08584139992744749673355364658CU02","8/24/2026 9:40:11 PM","Submitting","1",,""
"2026-08-25T16:04:05.4623115Z","08584139992744749673355364658CU02","8/24/2026 9:40:11 PM","Submitted","1","202","Resubmit request accepted by Power Automate."
"2026-08-25T16:04:06.4942438Z","08584140002739603151285000369CU11","8/24/2026 9:23:32 PM","Submitting","1",,""
"2026-08-25T16:04:11.0474237Z","08584140002739603151285000369CU11","8/24/2026 9:23:32 PM","Submitted","1","202","Resubmit request accepted by Power Automate."
"2026-08-25T16:04:12.0734118Z","08584140004099431416730509178CU07","8/24/2026 9:21:16 PM","Submitting","1",,""
"2026-08-25T16:04:17.3725872Z","08584140004099431416730509178CU07","8/24/2026 9:21:16 PM","Submitted","1","202","Resubmit request accepted by Power Automate."
"2026-08-25T16:04:18.4170249Z","08584140004854954785662523874CU11","8/24/2026 9:20:00 PM","Submitting","1",,""
"2026-08-25T16:04:23.0499980Z","08584140004854954785662523874CU11","8/24/2026 9:20:00 PM","Submitted","1","202","Resubmit request accepted by Power Automate."
"2026-08-25T16:04:24.0715552Z","08584140016034007615147813337CU16","8/24/2026 9:01:22 PM","Submitting","1",,""
"2026-08-25T16:04:35.3531924Z","08584140016034007615147813337CU16","8/24/2026 9:01:22 PM","Submitted","1","202","Resubmit request accepted by Power Automate."
"2026-08-25T16:04:36.3720495Z","08584140016034007616147813337CU03","8/24/2026 9:01:22 PM","Submitting","1",,""
"2026-08-25T16:04:41.1343697Z","08584140016034007616147813337CU03","8/24/2026 9:01:22 PM","Submitted","1","202","Resubmit request accepted by Power Automate."
"2026-08-25T16:04:42.1626514Z","08584140024040608699953543291CU30","8/24/2026 8:48:02 PM","Submitting","1",,""
"2026-08-25T16:04:46.6479137Z","08584140024040608699953543291CU30","8/24/2026 8:48:02 PM","Submitted","1","202","Resubmit request accepted by Power Automate."
"2026-08-25T16:04:47.6699943Z","08584140044737829244951880510CU19","8/24/2026 8:13:32 PM","Submitting","1",,""
"2026-08-25T16:04:54.4867499Z","08584140044737829244951880510CU19","8/24/2026 8:13:32 PM","Submitted","1","202","Resubmit request accepted by Power Automate."
"2026-08-25T16:04:55.5095391Z","08584140056393615303281253308CU12","8/24/2026 7:54:06 PM","Submitting","1",,""
"2026-08-25T16:05:02.7117295Z","08584140056393615303281253308CU12","8/24/2026 7:54:06 PM","Submitted","1","202","Resubmit request accepted by Power Automate."
"2026-08-25T16:05:03.7271812Z","08584140058357337733535892329CU13","8/24/2026 7:50:50 PM","Submitting","1",,""
"2026-08-25T16:05:08.1017563Z","08584140058357337733535892329CU13","8/24/2026 7:50:50 PM","Submitted","1","202","Resubmit request accepted by Power Automate."
"2026-08-25T16:05:09.1473587Z","08584140059721386234071395827CU29","8/24/2026 7:48:34 PM","Submitting","1",,""
"2026-08-25T16:05:13.6357414Z","08584140059721386234071395827CU29","8/24/2026 7:48:34 PM","Submitted","1","202","Resubmit request accepted by Power Automate."
"2026-08-25T16:05:14.6642258Z","08584140063650074006451796977CU18","8/24/2026 7:42:01 PM","Submitting","1",,""
"2026-08-25T16:05:19.0781319Z","08584140063650074006451796977CU18","8/24/2026 7:42:01 PM","Submitted","1","202","Resubmit request accepted by Power Automate."
"2026-08-25T16:05:20.0973816Z","08584140077403840894231642590CU27","8/24/2026 7:19:05 PM","Submitting","1",,""
"2026-08-25T16:05:24.5598724Z","08584140077403840894231642590CU27","8/24/2026 7:19:05 PM","Submitted","1","202","Resubmit request accepted by Power Automate."
"2026-08-25T16:05:25.5885561Z","08584140080118589157812039213CU12","8/24/2026 7:14:34 PM","Submitting","1",,""
"2026-08-25T16:05:30.4228560Z","08584140080118589157812039213CU12","8/24/2026 7:14:34 PM","Submitted","1","202","Resubmit request accepted by Power Automate."
"2026-08-25T16:05:31.4500553Z","08584140080873585406794942877CU05","8/24/2026 7:13:18 PM","Submitting","1",,""
"2026-08-25T16:05:36.6344767Z","08584140080873585406794942877CU05","8/24/2026 7:13:18 PM","Submitted","1","202","Resubmit request accepted by Power Automate."
"2026-08-25T16:05:37.6542532Z","08584140090879219490736109162CU28","8/24/2026 6:56:38 PM","Submitting","1",,""
"2026-08-25T16:05:42.7638660Z","08584140090879219490736109162CU28","8/24/2026 6:56:38 PM","Submitted","1","202","Resubmit request accepted by Power Automate."
"2026-08-25T16:05:43.7829133Z","08584140101176217106000461416CU30","8/24/2026 6:39:28 PM","Submitting","1",,""
"2026-08-25T16:05:48.4702418Z","08584140101176217106000461416CU30","8/24/2026 6:39:28 PM","Submitted","1","202","Resubmit request accepted by Power Automate."
"2026-08-25T16:05:49.4942957Z","08584140111641692293902025573CU04","8/24/2026 6:22:01 PM","Submitting","1",,""
"2026-08-25T16:05:53.8795554Z","08584140111641692293902025573CU04","8/24/2026 6:22:01 PM","Submitted","1","202","Resubmit request accepted by Power Automate."
"2026-08-25T16:05:54.8943223Z","08584140133470699637398745549CU23","8/24/2026 5:45:38 PM","Submitting","1",,""
"2026-08-25T16:05:59.2138123Z","08584140133470699637398745549CU23","8/24/2026 5:45:38 PM","Submitted","1","202","Resubmit request accepted by Power Automate."
"2026-08-25T16:06:00.2399028Z","08584140139226258483608855836CU03","8/24/2026 5:36:03 PM","Submitting","1",,""
"2026-08-25T16:06:04.7665116Z","08584140139226258483608855836CU03","8/24/2026 5:36:03 PM","Submitted","1","202","Resubmit request accepted by Power Automate."
"2026-08-25T16:06:05.7907121Z","08584140152998911968477980819CU24","8/24/2026 5:13:06 PM","Submitting","1",,""
"2026-08-25T16:06:10.1077096Z","08584140152998911968477980819CU24","8/24/2026 5:13:06 PM","Submitted","1","202","Resubmit request accepted by Power Automate."
"2026-08-25T16:06:11.1312563Z","08584140156634578184779908366CU17","8/24/2026 5:07:02 PM","Submitting","1",,""
"2026-08-25T16:06:15.9049535Z","08584140156634578184779908366CU17","8/24/2026 5:07:02 PM","Submitted","1","202","Resubmit request accepted by Power Automate."
"2026-08-25T16:06:16.9350192Z","08584140165415404714245791203CU29","8/24/2026 4:52:24 PM","Submitting","1",,""
"2026-08-25T16:06:21.4636058Z","08584140165415404714245791203CU29","8/24/2026 4:52:24 PM","Submitted","1","202","Resubmit request accepted by Power Automate."
"2026-08-25T16:06:22.4848966Z","08584140166779544119831334438CU07","8/24/2026 4:50:08 PM","Submitting","1",,""
"2026-08-25T16:06:26.7698928Z","08584140166779544119831334438CU07","8/24/2026 4:50:08 PM","Submitted","1","202","Resubmit request accepted by Power Automate."
"2026-08-25T16:06:27.7910650Z","08584140169347345556935252800CU30","8/24/2026 4:45:51 PM","Submitting","1",,""
"2026-08-25T16:06:32.3404252Z","08584140169347345556935252800CU30","8/24/2026 4:45:51 PM","Submitted","1","202","Resubmit request accepted by Power Automate."
"2026-08-25T16:06:33.3636165Z","08584140175844447233621160431CU23","8/24/2026 4:35:01 PM","Submitting","1",,""
"2026-08-25T16:06:37.8916285Z","08584140175844447233621160431CU23","8/24/2026 4:35:01 PM","Submitted","1","202","Resubmit request accepted by Power Automate."
"2026-08-25T16:06:38.9091578Z","08584140179483529831727785732CU16","8/24/2026 4:28:57 PM","Submitting","1",,""
"2026-08-25T16:06:43.7214377Z","08584140179483529831727785732CU16","8/24/2026 4:28:57 PM","Submitted","1","202","Resubmit request accepted by Power Automate."
"2026-08-25T16:06:44.7686337Z","08584140196594597249716339116CU03","8/24/2026 4:00:27 PM","Submitting","1",,""
"2026-08-25T16:06:49.4629230Z","08584140196594597249716339116CU03","8/24/2026 4:00:27 PM","Submitted","1","202","Resubmit request accepted by Power Automate."
"2026-08-25T16:06:50.4947617Z","08584140201451635809272768779CU08","8/24/2026 3:52:21 PM","Submitting","1",,""
"2026-08-25T16:06:54.9846074Z","08584140201451635809272768779CU08","8/24/2026 3:52:21 PM","Submitted","1","202","Resubmit request accepted by Power Automate."
"2026-08-25T16:06:56.0101666Z","08584140202810762809303633535CU31","8/24/2026 3:50:05 PM","Submitting","1",,""
"2026-08-25T16:07:00.9444115Z","08584140202810762809303633535CU31","8/24/2026 3:50:05 PM","Submitted","1","202","Resubmit request accepted by Power Automate."
"2026-08-25T16:07:01.9591885Z","08584140208725100212310964741CU27","8/24/2026 3:40:13 PM","Submitting","1",,""
"2026-08-25T16:07:06.5408782Z","08584140208725100212310964741CU27","8/24/2026 3:40:13 PM","Submitted","1","202","Resubmit request accepted by Power Automate."
"2026-08-25T16:07:07.5617219Z","08584140214329990421054495149cU14","8/24/2026 3:30:53 PM","Submitting","1",,""
"2026-08-25T16:07:11.9862873Z","08584140214329990421054495149cU14","8/24/2026 3:30:53 PM","Submitted","1","202","Resubmit request accepted by Power Automate."
"2026-08-25T16:07:13.0089221Z","08584140214329990422054495149CU19","8/24/2026 3:30:53 PM","Submitting","1",,""
"2026-08-25T16:07:17.7753484Z","08584140214329990422054495149CU19","8/24/2026 3:30:53 PM","Submitted","1","202","Resubmit request accepted by Power Automate."
"2026-08-25T16:07:18.7887879Z","08584140239182372847686285571CU11","8/24/2026 2:49:28 PM","Submitting","1",,""
"2026-08-25T16:07:23.8977664Z","08584140239182372847686285571CU11","8/24/2026 2:49:28 PM","Submitted","1","202","Resubmit request accepted by Power Automate."
"2026-08-25T16:07:24.9217835Z","08584140256267546359672113645CU09","8/24/2026 2:20:59 PM","Submitting","1",,""
"2026-08-25T16:07:29.4430905Z","08584140256267546359672113645CU09","8/24/2026 2:20:59 PM","Submitted","1","202","Resubmit request accepted by Power Automate."
"2026-08-25T16:07:30.4584083Z","08584140259146233945989566987cU14","8/24/2026 2:16:11 PM","Submitting","1",,""
"2026-08-25T16:07:35.7519315Z","08584140259146233945989566987cU14","8/24/2026 2:16:11 PM","Submitted","1","202","Resubmit request accepted by Power Automate."
"2026-08-25T16:07:36.7748762Z","08584140264444855384654487029CU16","8/24/2026 2:07:21 PM","Submitting","1",,""
"2026-08-25T16:07:41.8017556Z","08584140264444855384654487029CU16","8/24/2026 2:07:21 PM","Submitted","1","202","Resubmit request accepted by Power Automate."
"2026-08-25T16:07:42.8188383Z","08584140275911450834176268683CU16","8/24/2026 1:48:15 PM","Submitting","1",,""
"2026-08-25T16:07:47.4988354Z","08584140275911450834176268683CU16","8/24/2026 1:48:15 PM","Submitted","1","202","Resubmit request accepted by Power Automate."
"2026-08-25T16:07:48.5175704Z","08584140277884927595871412172CU05","8/24/2026 1:44:57 PM","Submitting","1",,""
"2026-08-25T16:07:52.9936938Z","08584140277884927595871412172CU05","8/24/2026 1:44:57 PM","Submitted","1","202","Resubmit request accepted by Power Automate."
"2026-08-25T16:07:54.0358160Z","08584140287582808135237595574CU05","8/24/2026 1:28:48 PM","Submitting","1",,""
"2026-08-25T16:07:58.5263652Z","08584140287582808135237595574CU05","8/24/2026 1:28:48 PM","Submitted","1","202","Resubmit request accepted by Power Automate."
"2026-08-25T16:07:59.5587463Z","08584140300724165144825346452CU13","8/24/2026 1:06:53 PM","Submitting","1",,""
"2026-08-25T16:08:04.0327183Z","08584140300724165144825346452CU13","8/24/2026 1:06:53 PM","Submitted","1","202","Resubmit request accepted by Power Automate."
"2026-08-25T16:08:05.0518795Z","08584140335823358750511242046CU16","8/24/2026 12:08:24 PM","Submitting","1",,""
"2026-08-25T16:08:10.7704178Z","08584140335823358750511242046CU16","8/24/2026 12:08:24 PM","Submitted","1","202","Resubmit request accepted by Power Automate."
"2026-08-25T16:08:11.8030770Z","08584140629952899476361998419CU15","8/24/2026 3:58:10 AM","Submitting","1",,""
"2026-08-25T16:08:17.1434162Z","08584140629952899476361998419CU15","8/24/2026 3:58:10 AM","Submitted","1","202","Resubmit request accepted by Power Automate."
"2026-08-25T16:08:18.1642359Z","08584140746735501763185337750CU18","8/24/2026 12:43:32 AM","Submitting","1",,""
"2026-08-25T16:08:22.8719092Z","08584140746735501763185337750CU18","8/24/2026 12:43:32 AM","Submitted","1","202","Resubmit request accepted by Power Automate."
"2026-08-25T16:08:23.9055559Z","08584141139667221775288099428CU09","8/23/2026 1:48:39 PM","Submitting","1",,""
"2026-08-25T16:08:28.4374686Z","08584141139667221775288099428CU09","8/23/2026 1:48:39 PM","Submitted","1","202","Resubmit request accepted by Power Automate."
"2026-08-25T16:08:29.4634256Z","08584141171758473634456968255CU10","8/23/2026 12:55:10 PM","Submitting","1",,""
"2026-08-25T16:08:33.9299714Z","08584141171758473634456968255CU10","8/23/2026 12:55:10 PM","Submitted","1","202","Resubmit request accepted by Power Automate."
"2026-08-25T16:08:34.9550104Z","08584141518469997868287770694CU25","8/23/2026 3:17:19 AM","Submitting","1",,""
"2026-08-25T16:08:39.4602875Z","08584141518469997868287770694CU25","8/23/2026 3:17:19 AM","Submitted","1","202","Resubmit request accepted by Power Automate."
"2026-08-25T16:08:40.4819452Z","08584141581752635713750470666CU30","8/23/2026 1:31:50 AM","Submitting","1",,""
"2026-08-25T16:08:45.0160938Z","08584141581752635713750470666CU30","8/23/2026 1:31:50 AM","Submitted","1","202","Resubmit request accepted by Power Automate."
"2026-08-25T16:08:46.0665042Z","08584141699857581778573248538CU19","8/22/2026 10:15:00 PM","Submitting","1",,""
"2026-08-25T16:08:50.5190456Z","08584141699857581778573248538CU19","8/22/2026 10:15:00 PM","Submitted","1","202","Resubmit request accepted by Power Automate."
"2026-08-25T16:08:51.5584136Z","08584141750930090748854686335CU03","8/22/2026 8:49:53 PM","Submitting","1",,""
"2026-08-25T16:08:56.4141362Z","08584141750930090748854686335CU03","8/22/2026 8:49:53 PM","Submitted","1","202","Resubmit request accepted by Power Automate."
"2026-08-25T16:08:57.4476592Z","08584141821303351262557440988CU29","8/22/2026 6:52:35 PM","Submitting","1",,""
"2026-08-25T16:09:02.0166777Z","08584141821303351262557440988CU29","8/22/2026 6:52:35 PM","Submitted","1","202","Resubmit request accepted by Power Automate."
"2026-08-25T16:09:03.0406095Z","08584141833649044453534034286CU09","8/22/2026 6:32:00 PM","Submitting","1",,""
"2026-08-25T16:09:07.6416948Z","08584141833649044453534034286CU09","8/22/2026 6:32:00 PM","Submitted","1","202","Resubmit request accepted by Power Automate."
"2026-08-25T16:09:08.6648190Z","08584141901474169466188304430CU21","8/22/2026 4:38:58 PM","Submitting","1",,""
"2026-08-25T16:09:13.3159069Z","08584141901474169466188304430CU21","8/22/2026 4:38:58 PM","Submitted","1","202","Resubmit request accepted by Power Automate."
"2026-08-25T16:09:14.3427209Z","08584141920628823788877673426CU28","8/22/2026 4:07:03 PM","Submitting","1",,""
"2026-08-25T16:09:18.7545271Z","08584141920628823788877673426CU28","8/22/2026 4:07:03 PM","Submitted","1","202","Resubmit request accepted by Power Automate."
"2026-08-25T16:09:19.7794784Z","08584141950791075728218318584CU18","8/22/2026 3:16:46 PM","Submitting","1",,""
"2026-08-25T16:09:24.3625505Z","08584141950791075728218318584CU18","8/22/2026 3:16:46 PM","Submitted","1","202","Resubmit request accepted by Power Automate."
"2026-08-25T16:09:25.3995566Z","08584142019819902991182672022CU08","8/22/2026 1:21:44 PM","Submitting","1",,""
"2026-08-25T16:09:30.0021284Z","08584142019819902991182672022CU08","8/22/2026 1:21:44 PM","Submitted","1","202","Resubmit request accepted by Power Automate."
"2026-08-25T16:09:31.0400193Z","08584142123666568139253973093CU24","8/22/2026 10:28:39 AM","Submitting","1",,""
"2026-08-25T16:09:35.6742963Z","08584142123666568139253973093CU24","8/22/2026 10:28:39 AM","Submitted","1","202","Resubmit request accepted by Power Automate."
"2026-08-25T16:09:36.7098944Z","08584142201866884715685225255CU29","8/22/2026 8:18:19 AM","Submitting","1",,""
"2026-08-25T16:09:41.4215617Z","08584142201866884715685225255CU29","8/22/2026 8:18:19 AM","Submitted","1","202","Resubmit request accepted by Power Automate."
"2026-08-25T16:09:42.4554824Z","08584142401618656692499226236CU03","8/22/2026 2:45:24 AM","Submitting","1",,""
"2026-08-25T16:09:47.2801471Z","08584142401618656692499226236CU03","8/22/2026 2:45:24 AM","Submitted","1","202","Resubmit request accepted by Power Automate."
"2026-08-25T16:09:48.3201189Z","08584142408397975604878873741CU16","8/22/2026 2:34:06 AM","Submitting","1",,""
"2026-08-25T16:09:52.9972914Z","08584142408397975604878873741CU16","8/22/2026 2:34:06 AM","Submitted","1","202","Resubmit request accepted by Power Automate."
"2026-08-25T16:09:54.0226337Z","08584142415779521802251067515CU29","8/22/2026 2:21:48 AM","Submitting","1",,""
"2026-08-25T16:09:58.7243753Z","08584142415779521802251067515CU29","8/22/2026 2:21:48 AM","Submitted","1","202","Resubmit request accepted by Power Automate."
"2026-08-25T16:09:59.7489406Z","08584142471838259566271040512CU01","8/22/2026 12:48:22 AM","Submitting","1",,""
"2026-08-25T16:10:04.3888058Z","08584142471838259566271040512CU01","8/22/2026 12:48:22 AM","Submitted","1","202","Resubmit request accepted by Power Automate."
"2026-08-25T16:10:05.4061452Z","08584142545319974873455910865CU13","8/21/2026 10:45:53 PM","Submitting","1",,""
"2026-08-25T16:10:10.0215130Z","08584142545319974873455910865CU13","8/21/2026 10:45:53 PM","Submitted","1","202","Resubmit request accepted by Power Automate."
"2026-08-25T16:10:11.0519288Z","08584142550292074894432602083CU29","8/21/2026 10:37:36 PM","Submitting","1",,""
"2026-08-25T16:10:15.7134240Z","08584142550292074894432602083CU29","8/21/2026 10:37:36 PM","Submitted","1","202","Resubmit request accepted by Power Automate."
"2026-08-25T16:10:16.7312822Z","08584142577457443621017270755CU29","8/21/2026 9:52:20 PM","Submitting","1",,""
"2026-08-25T16:10:21.4054461Z","08584142577457443621017270755CU29","8/21/2026 9:52:20 PM","Submitted","1","202","Resubmit request accepted by Power Automate."
"2026-08-25T16:10:22.4319400Z","08584142578973473643561851512CU22","8/21/2026 9:49:48 PM","Submitting","1",,""
"2026-08-25T16:10:26.9165455Z","08584142578973473643561851512CU22","8/21/2026 9:49:48 PM","Submitted","1","202","Resubmit request accepted by Power Automate."
"2026-08-25T16:10:27.9384085Z","08584142583661520359449790024CU30","8/21/2026 9:41:59 PM","Submitting","1",,""
"2026-08-25T16:10:32.3570574Z","08584142583661520359449790024CU30","8/21/2026 9:41:59 PM","Submitted","1","202","Resubmit request accepted by Power Automate."
"2026-08-25T16:10:33.3769164Z","08584142586225028467423451875CU24","8/21/2026 9:37:43 PM","Submitting","1",,""
"2026-08-25T16:10:37.8056574Z","08584142586225028467423451875CU24","8/21/2026 9:37:43 PM","Submitted","1","202","Resubmit request accepted by Power Automate."
"2026-08-25T16:10:38.8386158Z","08584142597853365404850271897CU04","8/21/2026 9:18:20 PM","Submitting","1",,""
"2026-08-25T16:10:43.1983207Z","08584142597853365404850271897CU04","8/21/2026 9:18:20 PM","Submitted","1","202","Resubmit request accepted by Power Automate."
"2026-08-25T16:10:44.2294002Z","08584142599215435035518205968CU22","8/21/2026 9:16:04 PM","Submitting","1",,""
"2026-08-25T16:10:48.9447158Z","08584142599215435035518205968CU22","8/21/2026 9:16:04 PM","Submitted","1","202","Resubmit request accepted by Power Automate."
"2026-08-25T16:10:49.9809531Z","08584142615269868924421031018CU15","8/21/2026 8:49:19 PM","Submitting","1",,""
"2026-08-25T16:10:54.3379979Z","08584142615269868924421031018CU15","8/21/2026 8:49:19 PM","Submitted","1","202","Resubmit request accepted by Power Automate."
"2026-08-25T16:10:55.3603263Z","08584142616788426727387385633CU04","8/21/2026 8:46:47 PM","Submitting","1",,""
"2026-08-25T16:10:59.8758233Z","08584142616788426727387385633CU04","8/21/2026 8:46:47 PM","Submitted","1","202","Resubmit request accepted by Power Automate."
"2026-08-25T16:11:00.8987142Z","08584142618907237466061927260CU31","8/21/2026 8:43:15 PM","Submitting","1",,""
"2026-08-25T16:11:05.3366692Z","08584142618907237466061927260CU31","8/21/2026 8:43:15 PM","Submitted","1","202","Resubmit request accepted by Power Automate."
"2026-08-25T16:11:06.3620664Z","08584142629967070876941342784CU31","8/21/2026 8:24:54 PM","Submitting","1",,""
"2026-08-25T16:11:11.2341073Z","08584142629967070876941342784CU31","8/21/2026 8:24:54 PM","Submitted","1","202","Resubmit request accepted by Power Automate."
"2026-08-25T16:11:12.2582807Z","08584142632688131199449240148CU30","8/21/2026 8:20:17 PM","Submitting","1",,""
"2026-08-25T16:11:17.1076352Z","08584142632688131199449240148CU30","8/21/2026 8:20:17 PM","Submitted","1","202","Resubmit request accepted by Power Automate."
