"RunId","OriginalStartTime","OriginalStatus"
"08584139354225683430076158759CU31","8/25/2026 3:24:23 PM","Failed"
"08584139359237347151502432654CU25","8/25/2026 3:16:02 PM","Failed"
"08584139359998321645326308692CU10","8/25/2026 3:14:46 PM","Failed"
"08584139359998321647326308692CU22","8/25/2026 3:14:46 PM","Failed"
"08584139362130937565579091372CU00","8/25/2026 3:11:14 PM","Failed"
"08584139366236362095022376379CU09","8/25/2026 3:04:22 PM","Failed"
"08584139370196572054385523345CU02","8/25/2026 2:57:46 PM","Failed"
"08584139373081016166660423362CU25","8/25/2026 2:52:58 PM","Failed"
"08584139373840000454648940462CU13","8/25/2026 2:51:42 PM","Failed"
"08584139380053270162574183905CU23","8/25/2026 2:41:21 PM","Failed"
"08584139380053270163574183905CU13","8/25/2026 2:41:21 PM","Failed"
"08584139380664101318128543169CU15","8/25/2026 2:40:19 PM","Failed"
"08584139385053654194146269117CU03","8/25/2026 2:33:01 PM","Failed"
"08584139385053654196146269117CU07","8/25/2026 2:33:01 PM","Failed"
"08584139403713636722981898818CU15","8/25/2026 2:01:54 PM","Failed"
"08584139405075119789311967448CU00","8/25/2026 1:59:38 PM","Failed"
"08584139407956305417262202659CU09","8/25/2026 1:54:50 PM","Failed"
"08584139407956305418262202659CU07","8/25/2026 1:54:50 PM","Failed"
"08584139407956305419262202659CU06","8/25/2026 1:54:50 PM","Failed"
"08584139407956305420262202659CU04","8/25/2026 1:54:50 PM","Failed"
"08584139408712619133568174905CU03","8/25/2026 1:53:34 PM","Failed"
"08584139415064541633282330805CU24","8/25/2026 1:42:59 PM","Failed"
"08584139418556168670730634082cU14","8/25/2026 1:37:10 PM","Failed"
"08584139418556168672730634082CU04","8/25/2026 1:37:10 PM","Failed"
"08584139423878074119295322797CU22","8/25/2026 1:28:18 PM","Failed"
"08584139424485685416655533697CU01","8/25/2026 1:27:17 PM","Failed"
"08584139424485685417655533697CU30","8/25/2026 1:27:17 PM","Failed"
"08584139784091410713950579391CU06","8/25/2026 3:27:56 AM","Failed"
"08584139861704283412338809188CU15","8/25/2026 1:18:35 AM","Failed"
"08584139884975548735434176753CU07","8/25/2026 12:39:48 AM","Failed"
"08584139903690285416171233041CU30","8/25/2026 12:08:36 AM","Failed"
"08584139904297638357886808983CU16","8/25/2026 12:07:36 AM","Failed"
"08584139940050186540982546874CU03","8/24/2026 11:08:01 PM","Failed"
"08584139942937621007864170810CU21","8/24/2026 11:03:12 PM","Failed"
"08584139979616777360274346106CU17","8/24/2026 10:02:04 PM","Failed"
"08584139992744749673355364658CU02","8/24/2026 9:40:11 PM","Failed"
"08584140002739603151285000369CU11","8/24/2026 9:23:32 PM","Failed"
"08584140004099431416730509178CU07","8/24/2026 9:21:16 PM","Failed"
"08584140004854954785662523874CU11","8/24/2026 9:20:00 PM","Failed"
"08584140016034007615147813337CU16","8/24/2026 9:01:22 PM","Failed"
"08584140016034007616147813337CU03","8/24/2026 9:01:22 PM","Failed"
"08584140024040608699953543291CU30","8/24/2026 8:48:02 PM","Failed"
"08584140044737829244951880510CU19","8/24/2026 8:13:32 PM","Failed"
"08584140056393615303281253308CU12","8/24/2026 7:54:06 PM","Failed"
"08584140058357337733535892329CU13","8/24/2026 7:50:50 PM","Failed"
"08584140059721386234071395827CU29","8/24/2026 7:48:34 PM","Failed"
"08584140063650074006451796977CU18","8/24/2026 7:42:01 PM","Failed"
"08584140077403840894231642590CU27","8/24/2026 7:19:05 PM","Failed"
"08584140080118589157812039213CU12","8/24/2026 7:14:34 PM","Failed"
"08584140080873585406794942877CU05","8/24/2026 7:13:18 PM","Failed"
"08584140090879219490736109162CU28","8/24/2026 6:56:38 PM","Failed"
"08584140101176217106000461416CU30","8/24/2026 6:39:28 PM","Failed"
"08584140111641692293902025573CU04","8/24/2026 6:22:01 PM","Failed"
"08584140133470699637398745549CU23","8/24/2026 5:45:38 PM","Failed"
"08584140139226258483608855836CU03","8/24/2026 5:36:03 PM","Failed"
"08584140152998911968477980819CU24","8/24/2026 5:13:06 PM","Failed"
"08584140156634578184779908366CU17","8/24/2026 5:07:02 PM","Failed"
"08584140165415404714245791203CU29","8/24/2026 4:52:24 PM","Failed"
"08584140166779544119831334438CU07","8/24/2026 4:50:08 PM","Failed"
"08584140169347345556935252800CU30","8/24/2026 4:45:51 PM","Failed"
"08584140175844447233621160431CU23","8/24/2026 4:35:01 PM","Failed"
"08584140179483529831727785732CU16","8/24/2026 4:28:57 PM","Failed"
"08584140196594597249716339116CU03","8/24/2026 4:00:27 PM","Failed"
"08584140201451635809272768779CU08","8/24/2026 3:52:21 PM","Failed"
"08584140202810762809303633535CU31","8/24/2026 3:50:05 PM","Failed"
"08584140208725100212310964741CU27","8/24/2026 3:40:13 PM","Failed"
"08584140214329990421054495149cU14","8/24/2026 3:30:53 PM","Failed"
"08584140214329990422054495149CU19","8/24/2026 3:30:53 PM","Failed"
"08584140239182372847686285571CU11","8/24/2026 2:49:28 PM","Failed"
"08584140256267546359672113645CU09","8/24/2026 2:20:59 PM","Failed"
"08584140259146233945989566987cU14","8/24/2026 2:16:11 PM","Failed"
"08584140264444855384654487029CU16","8/24/2026 2:07:21 PM","Failed"
"08584140275911450834176268683CU16","8/24/2026 1:48:15 PM","Failed"
"08584140277884927595871412172CU05","8/24/2026 1:44:57 PM","Failed"
"08584140287582808135237595574CU05","8/24/2026 1:28:48 PM","Failed"
"08584140300724165144825346452CU13","8/24/2026 1:06:53 PM","Failed"
"08584140335823358750511242046CU16","8/24/2026 12:08:24 PM","Failed"
"08584140629952899476361998419CU15","8/24/2026 3:58:10 AM","Failed"
"08584140746735501763185337750CU18","8/24/2026 12:43:32 AM","Failed"
"08584141139667221775288099428CU09","8/23/2026 1:48:39 PM","Failed"
"08584141171758473634456968255CU10","8/23/2026 12:55:10 PM","Failed"
"08584141518469997868287770694CU25","8/23/2026 3:17:19 AM","Failed"
"08584141581752635713750470666CU30","8/23/2026 1:31:50 AM","Failed"
"08584141699857581778573248538CU19","8/22/2026 10:15:00 PM","Failed"
"08584141750930090748854686335CU03","8/22/2026 8:49:53 PM","Failed"
"08584141821303351262557440988CU29","8/22/2026 6:52:35 PM","Failed"
"08584141833649044453534034286CU09","8/22/2026 6:32:00 PM","Failed"
"08584141901474169466188304430CU21","8/22/2026 4:38:58 PM","Failed"
"08584141920628823788877673426CU28","8/22/2026 4:07:03 PM","Failed"
"08584141950791075728218318584CU18","8/22/2026 3:16:46 PM","Failed"
"08584142019819902991182672022CU08","8/22/2026 1:21:44 PM","Failed"
"08584142123666568139253973093CU24","8/22/2026 10:28:39 AM","Failed"
"08584142201866884715685225255CU29","8/22/2026 8:18:19 AM","Failed"
"08584142401618656692499226236CU03","8/22/2026 2:45:24 AM","Failed"
"08584142408397975604878873741CU16","8/22/2026 2:34:06 AM","Failed"
"08584142415779521802251067515CU29","8/22/2026 2:21:48 AM","Failed"
"08584142471838259566271040512CU01","8/22/2026 12:48:22 AM","Failed"
"08584142545319974873455910865CU13","8/21/2026 10:45:53 PM","Failed"
"08584142550292074894432602083CU29","8/21/2026 10:37:36 PM","Failed"
"08584142577457443621017270755CU29","8/21/2026 9:52:20 PM","Failed"
"08584142578973473643561851512CU22","8/21/2026 9:49:48 PM","Failed"
"08584142583661520359449790024CU30","8/21/2026 9:41:59 PM","Failed"
"08584142586225028467423451875CU24","8/21/2026 9:37:43 PM","Failed"
"08584142597853365404850271897CU04","8/21/2026 9:18:20 PM","Failed"
"08584142599215435035518205968CU22","8/21/2026 9:16:04 PM","Failed"
"08584142615269868924421031018CU15","8/21/2026 8:49:19 PM","Failed"
"08584142616788426727387385633CU04","8/21/2026 8:46:47 PM","Failed"
"08584142618907237466061927260CU31","8/21/2026 8:43:15 PM","Failed"
"08584142629967070876941342784CU31","8/21/2026 8:24:54 PM","Failed"
"08584142632688131199449240148CU30","8/21/2026 8:20:17 PM","Failed"
